"PaperId","Paper","Year","Conference","Citations","References","Authors","Pages","CitationVelocity","#AuthorsofAffiliations","#DocumentsofAffiliation","#DocsbyAuthors","hIndexAuthors","PlumX","Link","PageRank"
"10.1145/3368089.3409670","A principled approach to GraphQL query cost analysis","2020","FSE","3","41","6","11","0","4781","15258","149","43","22","https://www.scopus.com/inward/record.uri?partnerID=HzOxMe3b&scp=85097159404&origin=inward","0"
"10.1007/978-3-030-33702-5_1","An Empirical Study of GraphQL Schemas","2019","ICSOC","15","31","5","16","0","27018","139183","111","31","36","https://www.scopus.com/inward/record.uri?partnerID=HzOxMe3b&scp=85076348560&origin=inward","0.9009206648677505"
"10.1109/SER-IP52554.2021.00009","Can GraphQL Replace REST? A Study of Their Efficiency and Viability","2021","SER&IP","2","20","4","7","0","58","184","49","17","12","https://www.scopus.com/inward/record.uri?partnerID=HzOxMe3b&scp=85113150932&origin=inward","0"
"10.1109/ICSA47634.2020.00016","REST vs GraphQL: A controlled experiment","2020","ICSA","9","29","2","10","0","29092","77855","142","29","77","https://www.scopus.com/inward/record.uri?partnerID=HzOxMe3b&scp=85085943452&origin=inward","0.8712965811100102"
"10.1109/TSP49548.2020.9163501","Evaluating execution strategies of GraphQL queries","2020","TSP","0","17","3","4","0","7511","42793","34","7","11","https://www.scopus.com/inward/record.uri?partnerID=HzOxMe3b&scp=85090564612&origin=inward","0"
"10.1109/SANER.2019.8667986","Migrating to GraphQL: A Practical Assessment","2019","SANER","19","29","3","10","6","29092","77855","144","31","152","https://www.scopus.com/inward/record.uri?partnerID=HzOxMe3b&scp=85064162159&origin=inward","0.9705372616984403"
"10.1145/3357141.3357149","REST or GraphQL? A performance comparative study","2019","SBCARS '1","6","22","3","9","0","9709","18838","90","21","42","https://www.scopus.com/inward/record.uri?partnerID=HzOxMe3b&scp=85076757849&origin=inward","0"
"10.1145/3178876.3186014","Semantics and Complexity of GraphQL","2018","WWW","45","22","2","9","14","27669","121809","123","36","131","https://www.scopus.com/inward/record.uri?partnerID=HzOxMe3b&scp=85074454018&origin=inward","1"
"10.1109/TR.2021.3101318","Production Monitoring to Improve Test Suites","2021","ArXiv","1","","4","0","0","12648","91953","332","64","9","https://www.scopus.com/inward/record.uri?partnerID=HzOxMe3b&scp=85114718407&origin=inward","0"
"10.1145/3372885.3373822","A mechanized formalization of GraphQL","2020","CPP","3","29","3","13","0","17855","56172","168","38","15","https://www.scopus.com/inward/record.uri?partnerID=HzOxMe3b&scp=85079458224&origin=inward","0"
"10.1109/SER-IP52554.2021.00012","Work from home during and after COVID-19","2021","SER&IP","1","5","1","0","0","5033","10122","12","5","11","https://www.scopus.com/inward/record.uri?partnerID=HzOxMe3b&scp=85113152944&origin=inward","0"
"10.1109/SER-IP52554.2021.00019","All Researchers Should Become Entrepreneurs","2020","SER&IP","1","9","4","1","0","1525","6636","401","64","10","https://www.scopus.com/inward/record.uri?partnerID=HzOxMe3b&scp=85113176912&origin=inward","0"
"10.1109/SER-IP52554.2021.00015","On the Gap between Software Maintenance Theory and Practitioners' Approaches","2021","SER&IP","1","15","3","7","0","29092","77857","60","14","2","https://www.scopus.com/inward/record.uri?partnerID=HzOxMe3b&scp=85113188550&origin=inward","0"
"10.1109/SER-IP52554.2021.00016","Towards a Systematic Engineering of Industrial Domain-Specific Languages","2021","SER&IP","1","42","5","7","0","59581","212602","476","45","5","https://www.scopus.com/inward/record.uri?partnerID=HzOxMe3b&scp=85113150633&origin=inward","0"
"10.1109/SER-IP52554.2021.00010","Globally Distributed Development during COVID-19","2021","SER&IP","2","10","4","7","0","7344","41771","142","38","21","https://www.scopus.com/inward/record.uri?partnerID=HzOxMe3b&scp=85113145300&origin=inward","0"
"10.1109/SER-IP52554.2021.00013","Use and Perceptions of Multi-Monitor Workstations: A Natural Experiment","2021","SER&IP","1","19","5","7","0","18699","112609","180","41","7","https://www.scopus.com/inward/record.uri?partnerID=HzOxMe3b&scp=85113163772&origin=inward","0"
"10.1109/SER-IP52554.2021.00014","What we can learn from how programmers debug their code","2021","SER&IP","1","10","2","3","0","84","869","42","9","7","https://www.scopus.com/inward/record.uri?partnerID=HzOxMe3b&scp=85113167102&origin=inward","0"
"10.1109/SER-IP52554.2021.00008","Leveraging Data Scientists and Business Expectations during the COVID-19 Pandemic","2021","SER&IP","1","16","3","7","0","3977","6549","104","16","6","https://www.scopus.com/inward/record.uri?partnerID=HzOxMe3b&scp=85113188860&origin=inward","0"
"10.1109/SER-IP52554.2021.00018","Issue Auto-Assignment in Software Projects with Machine Learning Techniques","2021","SER&IP","1","42","5","7","0","17989","36986","195","21","5","https://www.scopus.com/inward/record.uri?partnerID=HzOxMe3b&scp=85113178962&origin=inward","0"
"10.1007/978-3-319-91662-0_5","Generating GraphQL-wrappers for REST(-like) APIs","2018","ICWE","15","16","3","18","5","38253","256399","76","26","95","https://www.scopus.com/inward/record.uri?partnerID=HzOxMe3b&scp=85048009208&origin=inward","1"
"10.1016/j.jss.2020.110841","An automated model-based approach to repair test suites of evolving web applications","2021","J. Syst. Softw","2","41","3","0","0","714","1888","67","25","32","https://www.scopus.com/inward/record.uri?partnerID=HzOxMe3b&scp=85092503781&origin=inward","0"
"10.5220/0005500602770284","Automatic generation of test data for xml schema-based testing of web services","2015","ICSOFT","2","12","3","7","0","4454","21011","114","15","18","https://www.scopus.com/inward/record.uri?partnerID=HzOxMe3b&scp=84965032184&origin=inward","0"
"10.5755/j01.itc.49.2.23757","An API-first methodology for designing a microservice-based backend as a service platform","2020","Inf. Technol. Control","2","45","2","17","0","2437","7432","113","14","26","https://www.scopus.com/inward/record.uri?partnerID=HzOxMe3b&scp=85090739899&origin=inward","0"
"10.1109/ASE51524.2021.9678513","Learning GraphQL Query Cost","2021","ASE","2","28","8","4","0","15325","90843","383","84","3","https://www.scopus.com/inward/record.uri?partnerID=HzOxMe3b&scp=85114192622&origin=inward","0"
"10.1109/AST52587.2021.00009","Automatic Property-based Testing of GraphQL APIs","2021","AST","4","33","3","9","0","2224","9533","112","24","11","https://www.scopus.com/inward/record.uri?partnerID=HzOxMe3b&scp=85113790213&origin=inward","0"
"10.1007/978-3-642-16120-9_15","WASAT- A new web authorization security analysis tool","2010","","4","8","3","10","0","63","611","99","41","5","https://www.scopus.com/inward/record.uri?partnerID=HzOxMe3b&scp=78650825676&origin=inward","0"
"10.1109/SER-IP52554.2021.00017","Exploring the Dimensions of University-Company Collaborations: Research, Talent, and beyond","2021","SER&IP","3","20","2","7","0","2","24","119","13","6","https://www.scopus.com/inward/record.uri?partnerID=HzOxMe3b&scp=85113187960&origin=inward","0"
"10.1109/DeepTest52559.2021.00008","Deep Learning-Based Prediction of Test Input Validity for RESTful APIs","2021","DeepTest","4","25","5","7","0","11010","57901","327","74","12","https://www.scopus.com/inward/record.uri?partnerID=HzOxMe3b&scp=85114273520&origin=inward","0"
"10.1109/ICST46399.2020.00023","QuickREST: Property-based Test Generation of OpenAPI-Described RESTful APIs","2020","ICST","15","32","3","10","6","1153","6520","112","24","36","https://www.scopus.com/inward/record.uri?partnerID=HzOxMe3b&scp=85091597984&origin=inward","0.8712965811100102"
"10.1007/978-90-481-3662-9_55","Browser based communications integration using Representational State Transfer","2010","TeNe","1","10","2","5","0","3896","22936","89","20","4","https://www.scopus.com/inward/record.uri?partnerID=HzOxMe3b&scp=84878974727&origin=inward","0"
"10.1109/ASE51524.2021.9678513","Learning GraphQL Query Cost","2021","ASE","2","28","8","4","0","15325","90843","383","84","3","https://www.scopus.com/inward/record.uri?partnerID=HzOxMe3b&scp=85114192622&origin=inward","0"
"10.1109/ISSRE.2015.7381805","Using normalized compression distance to measure the evolutionary stability of software systems","2016","ISSRE","7","40","4","8","0","3569","13772","218","28","18","https://www.scopus.com/inward/record.uri?partnerID=HzOxMe3b&scp=84964912543&origin=inward","0"
"10.1109/ICE.2018.8436325","An Assessment Model to Foster the Adoption of Agile Software Product Lines in the Automotive Domain","2018","ICE/ITMC","9","27","4","0","0","14878","50801","412","65","63","https://www.scopus.com/inward/record.uri?partnerID=HzOxMe3b&scp=85052521703&origin=inward","0"
"10.1109/MC.2015.372","Third-party software's trust quagmire","2015","Computer","3","11","2","7","0","24049","143792","308","39","19","https://www.scopus.com/inward/record.uri?partnerID=HzOxMe3b&scp=84971537186&origin=inward","0"
"10.1109/ICRITO.2018.8748529","The Impact of Agile Software Development Process on the Quality of Software Product","2018","Trends and Future Directions","9","24","3","3","0","7494","15493","155","25","170","https://www.scopus.com/inward/record.uri?partnerID=HzOxMe3b&scp=85069229949&origin=inward","0"
"10.1109/CICN.2016.137","The Impact of Software Development Process on Software Quality: A Review","2017","CICN","8","78","2","6","0","2603","9516","38","14","68","https://www.scopus.com/inward/record.uri?partnerID=HzOxMe3b&scp=85040032605&origin=inward","0"
"10.1109/eScience.2018.00036","A survey of software metric use in research software development","2018","e-Science","3","18","3","10","0","11856","56995","306","39","710","https://www.scopus.com/inward/record.uri?partnerID=HzOxMe3b&scp=85061376363&origin=inward","0"
"10.1109/CSDE48274.2019.9162355","Practices of Software Testing Techniques and Tools in Bangladesh Software Industry","2019","CSDE","0","17","2","0","0","2214","2819","35","9","12","https://www.scopus.com/inward/record.uri?partnerID=HzOxMe3b&scp=85094651158&origin=inward","0"
"10.1109/SEAA.2018.00069","CrossSim: Exploiting mutual relationships to detect similar OSS projects","2018","SEAA","15","25","4","7","0","4573","28124","291","51","30","https://www.scopus.com/inward/record.uri?partnerID=HzOxMe3b&scp=85050935610&origin=inward","0"
"10.1109/ICSSP.2019.00018","Recover and RELAX: Concern-oriented software architecture recovery for systems development and maintenance","2019","ICSSP","8","43","4","9","0","29193","166616","465","65","28","https://www.scopus.com/inward/record.uri?partnerID=HzOxMe3b&scp=85072336124&origin=inward","0"
"10.1109/ICSME46990.2020.00035","Defining a Software Maintainability Dataset: Collecting, Aggregating and Analysing Expert Evaluations of Software Maintainability","2020","ICSME","1","55","3","11","0","27222","109140","197","34","15","https://www.scopus.com/inward/record.uri?partnerID=HzOxMe3b&scp=85096681920&origin=inward","0"
"10.1109/SCCSIT.2017.8293053","Factors that influence software project cost and schedule estimation","2018","SCCSIT","9","17","2","8","0","3048","7512","11","6","72","https://www.scopus.com/inward/record.uri?partnerID=HzOxMe3b&scp=85050500885&origin=inward","0"
"10.1109/MS.2018.290100920","Does distance still matter? Revisiting collaborative distributed software design","2018","IEEE Softwar","17","15","4","7","0","39362","182562","686","74","38","https://www.scopus.com/inward/record.uri?partnerID=HzOxMe3b&scp=85049781991&origin=inward","0"
"10.1109/SYNASC.2017.00046","A hierarchical clustering-based approach for software restructuring at the package level","2018","SYNASC","6","23","3","7","0","5021","19215","181","25","12","https://www.scopus.com/inward/record.uri?partnerID=HzOxMe3b&scp=85058269705&origin=inward","0"
"10.1109/TNSM.2018.2848105","Assessing the Maturity of SDN Controllers with Software Reliability Growth Models","2018","IEEE Transactions on Network and Service Managemen","26","45","7","14","0","63430","340530","1437","189","66","https://www.scopus.com/inward/record.uri?partnerID=HzOxMe3b&scp=85048643559&origin=inward","0"
"10.1109/QRS-C51114.2020.00017","Intelligent Radar Software Defect Prediction Approach and Its Application","2020","QRS Companio","0","8","3","5","0","41240","131020","11","3","7","https://www.scopus.com/inward/record.uri?partnerID=HzOxMe3b&scp=85099402690&origin=inward","0"
"10.1109/ISSREW.2017.26","Applying software reliability engineering process to software development in Korea defense industry","2017","ISSREW","1","2","3","0","0","2675","6488","16","7","31","https://www.scopus.com/inward/record.uri?partnerID=HzOxMe3b&scp=85040552292&origin=inward","0"
"10.1109/ICEEI.2015.7352532","Towards anti-Ageing model for the evergreen software system","2015","ICEEI","6","23","3","5","0","18931","65859","214","21","19","https://www.scopus.com/inward/record.uri?partnerID=HzOxMe3b&scp=84961753699&origin=inward","0"
"10.1109/ET.2017.8124337","Improving the software quality - An educational approach","2017","ET","2","10","4","3","0","426","1595","41","8","14","https://www.scopus.com/inward/record.uri?partnerID=HzOxMe3b&scp=85043481009&origin=inward","0"
"10.1109/MS.2017.4541051","The Software Architect and DevOps","2017","IEEE Softwar","39","4","1","2","12","15930","117312","125","23","194","https://www.scopus.com/inward/record.uri?partnerID=HzOxMe3b&scp=85040352804&origin=inward","0"
"10.1109/MS.2016.13","Reducing friction in software development","2016","IEEE Softwar","35","7","5","6","0","63963","384584","679","127","121","https://www.scopus.com/inward/record.uri?partnerID=HzOxMe3b&scp=84973618649&origin=inward","0"
"10.1109/SBES.2015.26","Influence of the Review of Executed Activities Utilizing Planning Poker Influência da Revisão de Atividades Executadas Utilizando Planning Poker","2015","2015 29th Brazilian Symposium on Software Engineerin","2","19","3","8","0","6316","10300","18","7","17","https://www.scopus.com/inward/record.uri?partnerID=HzOxMe3b&scp=84962249508&origin=inward","0"
"10.1109/ICSTW50294.2020.00074","Teaching Software Testing with Free and Open Source Software","2020","ICSTW","1","24","3","6","0","2406","8160","131","34","26","https://www.scopus.com/inward/record.uri?partnerID=HzOxMe3b&scp=85091801059&origin=inward","0"
"10.1109/ISSREW.2017.55","SIRIUS: Systematic investigation for reliability improvement upon software","2017","ISSREW","2","4","4","1","0","2675","6488","17","8","6","https://www.scopus.com/inward/record.uri?partnerID=HzOxMe3b&scp=85040619842&origin=inward","0"
"10.1109/ComPE49325.2020.9199995","Qualitative Software Process Management for Developing Countries-An Exploratory Study","2020","ComPE","0","5","3","4","0","1677","3573","32","4","0","https://www.scopus.com/inward/record.uri?partnerID=HzOxMe3b&scp=85092737139&origin=inward","0"
"10.1109/ICSME46990.2020.00087","Toward a Definition of Cognitive-Driven Development","2020","ICSME","2","21","3","2","0","5","3","3","3","36","https://www.scopus.com/inward/record.uri?partnerID=HzOxMe3b&scp=85096722076&origin=inward","0"
"10.1109/IDAP.2019.8875925","An Overview of Quality Metrics Used in Estimating Software Faults","2019","IDAP","8","27","3","0","0","2495","19106","129","37","26","https://www.scopus.com/inward/record.uri?partnerID=HzOxMe3b&scp=85074880324&origin=inward","0"
"10.1109/QRS51102.2020.00061","The Characteristics and Impact of Uncompilable Code Changes on Software Quality Evolution","2020","QRS","0","18","8","11","0","26420","156581","455","59","1","https://www.scopus.com/inward/record.uri?partnerID=HzOxMe3b&scp=85099272584&origin=inward","0"
"10.1109/UYMS50627.2020.9247011","Development of Common Control Station Framework (ORKA) for Various Unmanned Systems Çeşitli Insansiz Sistemler için Ortak Kontrol Istasyonu Çatisi (ORKA) Geliştirilmesi","2020","UYMS","0","6","2","0","0","915","1408","13","5","1","https://www.scopus.com/inward/record.uri?partnerID=HzOxMe3b&scp=85097533955&origin=inward","0"
"10.1109/IEEM45057.2020.9309738","Goal-lever-indicator-principle to derive recommendations for improving IEC 61131-3 control software","2020","IEEM","1","9","3","5","0","27213","109113","573","40","6","https://www.scopus.com/inward/record.uri?partnerID=HzOxMe3b&scp=85099770563&origin=inward","0"
"10.1109/MS.2017.4541044","Deploying Software Team Analytics in a Multinational Organization","2017","IEEE Softwar","8","13","4","4","0","707","1858","72","33","56","https://www.scopus.com/inward/record.uri?partnerID=HzOxMe3b&scp=85040364461&origin=inward","0"
"10.1109/QRS.2016.32","Correlation between the Distribution of Software Bugs and Network Motifs","2016","QRS","8","31","3","11","0","49115","182013","60","14","28","https://www.scopus.com/inward/record.uri?partnerID=HzOxMe3b&scp=84995467685&origin=inward","0"
"10.1109/ISSREW.2018.00-15","Software Reliability Evaluation Method Based on a Software Network","2018","ISSREW","1","5","3","1","0","40029","129448","78","15","12","https://www.scopus.com/inward/record.uri?partnerID=HzOxMe3b&scp=85059835458&origin=inward","0"
"10.1109/MS.2016.78","Evaluating Lehman's Laws of Software Evolution for Software Product Lines","2016","IEEE Softwar","4","7","2","3","0","13213","26482","196","24","30","https://www.scopus.com/inward/record.uri?partnerID=HzOxMe3b&scp=84968807666&origin=inward","0"
"10.1109/ICACTM.2019.8776830","Implementation of Machine Learning Techniques in Software Reliability: A framework","2019","ICACTM","1","15","3","4","0","6926","14567","198","21","12","https://www.scopus.com/inward/record.uri?partnerID=HzOxMe3b&scp=85070599364&origin=inward","0.8712965811100102"
"10.1109/ACCESS.2018.2872956","An evaluation of software measurement processes in pakistani software industry","2018","IEEE Acces","2","112","4","28","0","4311","19651","118","37","35","https://www.scopus.com/inward/record.uri?partnerID=HzOxMe3b&scp=85054620176&origin=inward","0"
"10.23919/SEAD.2018.8472847","Software security vulnerabilities: Baselining and benchmarking","2018","SEAD@ICSE","0","13","1","7","0","1806","4494","23","5","4","https://www.scopus.com/inward/record.uri?partnerID=HzOxMe3b&scp=85055442261&origin=inward","0"
"10.1109/ICCSNT.2017.8343678","The generation of software reliability test cases based on software reuse","2018","ICCSNT","1","12","4","3","0","3128","5937","37","4","6","https://www.scopus.com/inward/record.uri?partnerID=HzOxMe3b&scp=85049733649&origin=inward","0"
"10.1109/ICSE-SEIP.2019.00037","Take Control : (On the Unreasonable Effectiveness of Software Analytics)","2019","ICSE-SEIP","0","3","1","1","0","26508","150113","302","43","14","https://www.scopus.com/inward/record.uri?partnerID=HzOxMe3b&scp=85072125830&origin=inward","0"
"10.1109/ICDAMT.2018.8376505","Scrumban for teaching at undergraduate program: A case study from software engineering students, University of Phayao, Thailand","2018","ICDAMT","2","16","2","5","0","746","2271","4","2","33","https://www.scopus.com/inward/record.uri?partnerID=HzOxMe3b&scp=85049890869&origin=inward","0"
"10.1109/SCSE49731.2020.9313007","Extending use-case point-based software effort estimation for Open Source freelance software development","2020","SCSE","0","23","2","6","0","1158","3109","7","3","8","https://www.scopus.com/inward/record.uri?partnerID=HzOxMe3b&scp=85100571823&origin=inward","0"
"10.1109/ETFA.2015.7301502","Towards software metrics for evaluating quality of IEC 61499 automation software","2015","ETFA","12","19","2","0","0","13024","93017","437","47","29","https://www.scopus.com/inward/record.uri?partnerID=HzOxMe3b&scp=84952931093&origin=inward","0"
"10.1109/IRI.2019.00030","Software quality prediction: An investigation based on machine learning","2019","IRI","9","38","2","7","0","2155","7455","29","7","43","https://www.scopus.com/inward/record.uri?partnerID=HzOxMe3b&scp=85073209569&origin=inward","0"
"10.1109/TechDebt.2019.00015","DV8: Automated architecture analysis tool suites","2019","TechDebt","6","15","2","1","0","19096","101262","332","59","21","https://www.scopus.com/inward/record.uri?partnerID=HzOxMe3b&scp=85071149050&origin=inward","0"
"10.1109/I2CT.2017.8226259","A defect tracking tool for open source software","2017","I2CT","3","11","2","4","0","4153","8629","147","25","13","https://www.scopus.com/inward/record.uri?partnerID=HzOxMe3b&scp=85046433803&origin=inward","0"
"10.1109/ICIC53490.2021.9693049","Modified Nominal Group Technique (NGT) for Evaluating HyTEE Model (Hybrid Software Change Management Tool with Test Effort Estimation)","2021","ICIC","0","42","3","0","0","7010","17534","131","18","0","https://www.scopus.com/inward/record.uri?partnerID=HzOxMe3b&scp=85126662720&origin=inward","0"
"10.1109/ICSME46990.2020.00042","A software maintenance-focused process and supporting toolset for academic environments","2020","ICSME","0","23","1","10","0","1515","4571","2","0","2","https://www.scopus.com/inward/record.uri?partnerID=HzOxMe3b&scp=85096693913&origin=inward","0"
"10.1109/BCD2018.2018.00016","Characteristics of unmaintainable source code in software development by multiple organizations","2018","BCD","1","19","6","5","0","19788","72366","617","38","7","https://www.scopus.com/inward/record.uri?partnerID=HzOxMe3b&scp=85058489887&origin=inward","0"
"10.1109/ACCESS.2020.2990117","Measuring and improving agile processes in a small-size software development company","2020","IEEE Acces","5","50","8","14","0","30198","165770","877","107","110","https://www.scopus.com/inward/record.uri?partnerID=HzOxMe3b&scp=85084830185&origin=inward","0"
"10.1109/MS.2015.119","Aligning Architecture Work with Agile Teams","2015","IEEE Softwar","19","5","1","2","0","0","0","35","8","103","https://www.scopus.com/inward/record.uri?partnerID=HzOxMe3b&scp=84940383008&origin=inward","0"
"10.1109/REW.2017.60","A contemporary view on software quality requirements in agile and software architecture practices","2017","REW","2","49","1","7","0","36389","245485","65","14","35","https://www.scopus.com/inward/record.uri?partnerID=HzOxMe3b&scp=85034666938&origin=inward","0"
"10.1109/QRS51102.2020.00056","On the Defect Prediction for Large Scale Software Systems-From Defect Density to Machine Learning","2020","QRS","1","26","3","7","0","1806","4494","9","5","11","https://www.scopus.com/inward/record.uri?partnerID=HzOxMe3b&scp=85099318439&origin=inward","0"
"10.1109/CIMPS54606.2021.9652755","Enhancement to test case prioritization through object-oriented software architectural design Mejora en la priorizacion de casos de prueba mediante el diseno arquitectonico de software orientado a","2021","CIMPS","0","18","3","7","0","3609","6582","5","0","0","https://www.scopus.com/inward/record.uri?partnerID=HzOxMe3b&scp=85124383841&origin=inward","0"
"10.1109/ICITECH.2017.8080001","Software attributes that impact popularity","2017","ICIT","1","11","2","3","0","8607","43654","196","20","8","https://www.scopus.com/inward/record.uri?partnerID=HzOxMe3b&scp=85039989751&origin=inward","0"
"10.1109/ICRIIS48246.2019.9073279","Assessing the instrument reliability and validity of risk mitigation for anti software ageing model during software maintenance","2019","ICRIIS","0","50","4","0","0","19411","76781","147","20","3","https://www.scopus.com/inward/record.uri?partnerID=HzOxMe3b&scp=85084482253&origin=inward","0"
"10.1109/iCoMET48670.2020.9073839","Software Outsourcing Quality Evaluation Management Model (SOQEMM)","2020","iCoMET","1","88","2","0","0","0","1","22","8","14","https://www.scopus.com/inward/record.uri?partnerID=HzOxMe3b&scp=85084647299&origin=inward","0"
"10.1109/IICIP.2016.7975323","Stepping towards dynamic measurement for object oriented software","2017","IICIP","2","22","2","0","0","1302","3557","51","12","4","https://www.scopus.com/inward/record.uri?partnerID=HzOxMe3b&scp=85027448730&origin=inward","0"
"10.1109/QRS.2019.00037","Analyzing Software Architecture Evolvability Based on Multiple Architectural Attributes Measurements","2019","QRS","0","39","2","11","0","39261","136833","193","19","19","https://www.scopus.com/inward/record.uri?partnerID=HzOxMe3b&scp=85073807061&origin=inward","0"
"10.1109/SNPD51163.2021.9704927","A Simulation Model of Software Quality Assurance in the Software Lifecycle","2021","SNPD","0","13","3","5","0","13346","46575","201","26","0","https://www.scopus.com/inward/record.uri?partnerID=HzOxMe3b&scp=85125712074&origin=inward","0"
"10.1109/SoutheastCon42311.2019.9020395","A Metrics Tracking Program for Promoting High-Quality Software Development","2019","2019 SoutheastCo","0","27","3","0","0","2753","13156","133","20","8","https://www.scopus.com/inward/record.uri?partnerID=HzOxMe3b&scp=85082392348&origin=inward","0"
"10.1109/ACCESS.2017.2765698","Input-Domain Software Testing for Failure Probability Estimation of Safety-Critical Applications in Consideration of Past Input Sequence","2017","IEEE Acces","5","21","6","11","0","35815","180633","261","43","21","https://www.scopus.com/inward/record.uri?partnerID=HzOxMe3b&scp=85032731448&origin=inward","0"
"10.1109/UYMS54260.2021.9659580","Bimar Software Quality Portal: Experience and Lessons Learned","2021","UYMS","0","4","1","0","0","1","1","1","0","0","https://www.scopus.com/inward/record.uri?partnerID=HzOxMe3b&scp=85124800274&origin=inward","0"
"10.1109/ICSE-NIER52604.2021.00021","Software Ticks Need No Specifications","2021","ICSE-NIER","1","51","1","4","0","40","83","32","8","8","https://www.scopus.com/inward/record.uri?partnerID=HzOxMe3b&scp=85115606079&origin=inward","0"
"10.1109/ICTACC.2017.18","Stability aware software refactoring using hybrid search based techniques","2017","ICTACC","4","5","2","3","0","1059","3530","57","8","11","https://www.scopus.com/inward/record.uri?partnerID=HzOxMe3b&scp=85049038303&origin=inward","0"
"10.1109/PHM.2015.7380050","A software evolution complex network for object oriented software","2016","PHM","0","17","2","0","0","40029","129448","307","33","3","https://www.scopus.com/inward/record.uri?partnerID=HzOxMe3b&scp=84966280579&origin=inward","0"
"10.1109/UYMS54260.2021.9659766","Effort Prediction for Microservices: A Case Study","2021","UYMS","0","27","4","0","0","2012","11019","217","24","5","https://www.scopus.com/inward/record.uri?partnerID=HzOxMe3b&scp=85124804985&origin=inward","0"
"10.1109/ICSE-SEIP52600.2021.00017","Search-Based Software Re-Modularization: A Case Study at Adyen","2021","ICSE-SEIP","1","49","4","9","0","16567","92477","144","41","11","https://www.scopus.com/inward/record.uri?partnerID=HzOxMe3b&scp=85111178843&origin=inward","0"
"10.1109/ICSE-Companion.2019.00105","Studies on the software testing profession","2019","ICSE-Companion","8","10","5","1","0","65877","283605","228","43","101","https://www.scopus.com/inward/record.uri?partnerID=HzOxMe3b&scp=85071885224&origin=inward","0"
"10.23919/CISTI49556.2020.9140923","A visual approach to support Change Impact Analysis in object-oriented source code Uma abordagem visual como suporte à Análise de Impacto de Mudancas em código-fonte orientado a objetos","2020","CISTI","0","20","4","0","0","37353","73488","171","20","1","https://www.scopus.com/inward/record.uri?partnerID=HzOxMe3b&scp=85089033151&origin=inward","0"
"10.1109/INMIC48123.2019.9022798","A new approach for agile product line engineering","2019","INMIC","0","28","4","0","0","1592","4581","49","9","9","https://www.scopus.com/inward/record.uri?partnerID=HzOxMe3b&scp=85082715343&origin=inward","0"
"10.1109/SIU53274.2021.9477786","A virtual assistant for predicting defective software module Hatali yazilim modülünü tahmin eden sanal asistan","2021","SIU","0","11","2","0","0","2","2","16","4","2","https://www.scopus.com/inward/record.uri?partnerID=HzOxMe3b&scp=85111424476&origin=inward","0"
"10.1109/TSE.2015.2467388","Exploring the Relationship between Software Process Adaptive Capability and Organisational Performance","2015","IEEE Transactions on Software Engineerin","43","97","4","14","0","3799","22659","449","73","122","https://www.scopus.com/inward/record.uri?partnerID=HzOxMe3b&scp=84961779087&origin=inward","0"
"10.1109/EnT48576.2020.00010","Platforms for joint development and hosting of software and the example of their implementation in the FAP SB RAS","2020","EnT","3","22","2","3","0","382","2225","46","8","4","https://www.scopus.com/inward/record.uri?partnerID=HzOxMe3b&scp=85091963772&origin=inward","0"
"10.1109/UYMS54260.2021.9659655","Software Effort Estimation Using ISBSG Dataset: Multiple Case Studies","2021","UYMS","0","22","10","0","0","1429","6918","213","19","0","https://www.scopus.com/inward/record.uri?partnerID=HzOxMe3b&scp=85124805498&origin=inward","0"
"10.1109/RE51729.2021.00074","A comprehensive approach to identifying key stakeholders in complicated software ecosystems","2021","RE","0","24","1","5","0","1940","11000","3","1","1","https://www.scopus.com/inward/record.uri?partnerID=HzOxMe3b&scp=85123195007&origin=inward","0.8712965811100102"
"10.1109/UIC-ATC.2017.8397614","Dependable and reliable cloud-based systems using multiple software spare components","2018","SmartWorld/SCALCOM/UIC/ATC/CBDCom/IOP/SCI","6","22","2","7","0","1736","9112","73","19","10","https://www.scopus.com/inward/record.uri?partnerID=HzOxMe3b&scp=85050199910&origin=inward","0"
"10.1109/COMPSAC51774.2021.00204","Deep feature learning to quantitative prediction of software defects","2021","COMPSAC","0","9","4","1","0","37850","109422","80","20","2","https://www.scopus.com/inward/record.uri?partnerID=HzOxMe3b&scp=85115870131&origin=inward","0"
"10.1109/ICSESS47205.2019.9040753","Software effective evaluating technology: SWEET","2019","ICSESS","0","9","4","4","0","364","1562","179","29","3","https://www.scopus.com/inward/record.uri?partnerID=HzOxMe3b&scp=85082876116&origin=inward","0"
"10.1109/ACCESS.2019.2915964","Applying the FAHP to Improve the Performance Evaluation Reliability of Software Defect Classifiers","2019","IEEE Acces","8","60","2","10","0","757","2214","23","6","37","https://www.scopus.com/inward/record.uri?partnerID=HzOxMe3b&scp=85066864045&origin=inward","0"
"10.1109/ICCSE.2016.7581611","Localized open source software projects: Exploring realism and motivation","2016","ICCSE","14","12","1","5","0","1549","4875","28","9","21","https://www.scopus.com/inward/record.uri?partnerID=HzOxMe3b&scp=84994099245&origin=inward","0"
"10.1109/UIC-ATC.2017.8397631","Preventive maintenance for cloud-based software systems subject to non-constant failure rates","2018","SmartWorld/SCALCOM/UIC/ATC/CBDCom/IOP/SCI","2","9","2","5","0","1736","9112","73","19","11","https://www.scopus.com/inward/record.uri?partnerID=HzOxMe3b&scp=85050191787&origin=inward","0"
"10.1109/CYBERNETICSCOM.2017.8311708","Software metrics for fault prediction using machine learning approaches: A literature review with PROMISE repository dataset","2018","CyberneticsCom","16","24","6","4","0","4995","7709","750","54","52","https://www.scopus.com/inward/record.uri?partnerID=HzOxMe3b&scp=85050694111&origin=inward","0"
"10.1109/ACCESS.2021.3097537","A Highly Modular Software Framework for Reducing Software Development Time of Nanosatellites","2021","IEEE Acces","0","37","5","12","0","3978","21730","227","48","4","https://www.scopus.com/inward/record.uri?partnerID=HzOxMe3b&scp=85110866674&origin=inward","0"
"10.1109/SMC52423.2021.9659214","A New Model of Software Network for Object-Oriented Software System","2021","SMC","0","38","4","6","0","17596","48098","56","10","2","https://www.scopus.com/inward/record.uri?partnerID=HzOxMe3b&scp=85124290470&origin=inward","0"
"10.1109/MS.2015.76","Improving software quality as customers perceive it","2016","IEEE Softwar","8","11","4","5","0","123","682","201","64","65","https://www.scopus.com/inward/record.uri?partnerID=HzOxMe3b&scp=84977136757&origin=inward","0"
"10.1109/MS.2017.4541032","Using Analytics to Guide Improvement during an Agile-DevOps Transformation","2017","IEEE Softwar","20","9","2","5","0","2","13","86","24","179","https://www.scopus.com/inward/record.uri?partnerID=HzOxMe3b&scp=85040311258&origin=inward","0"
"10.1109/AERO50100.2021.9438347","An Innovative Approach to Modeling VIPER Rover Software Life Cycle Cost","2021","50100","0","15","7","0","0","10218","65517","267","68","5","https://www.scopus.com/inward/record.uri?partnerID=HzOxMe3b&scp=85111375491&origin=inward","0"
"10.26599/BDMA.2020.9020011","Survey on lie group machine learning","2020","Big Data Min. Anal","1","103","2","23","0","24409","62144","149","21","120","https://www.scopus.com/inward/record.uri?partnerID=HzOxMe3b&scp=85096432201&origin=inward","0"
"10.1109/UBMK52708.2021.9558975","Diagnosing Autism Spectrum Disorder Using Machine Learning Techniques Makine Ogrenmesi Teknikleri Yardimiyla Otizm Spektrum Bozuklugu Teşhisi","2021","UBMK","0","24","2","4","0","2037","11190","19","6","5","https://www.scopus.com/inward/record.uri?partnerID=HzOxMe3b&scp=85125831024&origin=inward","0"
"10.1109/EMBC44109.2020.9175867","Alternative Techniques for Breast Tumour Detection using Ultrasound","2020","EMBC","1","8","4","3","0","35887","228769","293","29","12","https://www.scopus.com/inward/record.uri?partnerID=HzOxMe3b&scp=85091011008&origin=inward","0"
"10.1109/JBHI.2018.2810820","Accounting for label uncertainty in machine learning for detection of acute respiratory distress syndrome","2019","IEEE Journal of Biomedical and Health Informatic","33","45","5","8","11","10947","47828","586","106","160","https://www.scopus.com/inward/record.uri?partnerID=HzOxMe3b&scp=85042854114&origin=inward","0"
"10.1109/RBME.2020.2969915","A Review on Machine Learning for EEG Signal Processing in Bioengineering","2021","IEEE Reviews in Biomedical Engineerin","23","113","3","14","8","19213","103826","45","22","162","https://www.scopus.com/inward/record.uri?partnerID=HzOxMe3b&scp=85085974529&origin=inward","0"
"10.1109/TCBB.2016.2602269","Purely structural protein scoring functions using support vector machine and ensemble learning","2019","IEEE/ACM Transactions on Computational Biology and Bioinformatic","23","41","4","8","0","27364","177650","81","34","41","https://www.scopus.com/inward/record.uri?partnerID=HzOxMe3b&scp=85049370037&origin=inward","0"
"10.1109/TCBB.2017.2727042","Combining supervised and unsupervised learning for improved mirna target prediction","2018","IEEE/ACM Transactions on Computational Biology and Bioinformatic","7","45","4","10","0","69204","450477","587","83","46","https://www.scopus.com/inward/record.uri?partnerID=HzOxMe3b&scp=85028925815&origin=inward","0"
"10.1109/TNNLS.2020.2985588","A survey on learning-based approaches for modeling and classification of human-machine dialog systems","2021","IEEE Transactions on Neural Networks and Learning System","2","84","3","14","0","59126","169581","85","17","26","https://www.scopus.com/inward/record.uri?partnerID=HzOxMe3b&scp=85084086201&origin=inward","0"
"10.1109/TBME.2018.2877649","Magnetocardiography-Based Ischemic Heart Disease Detection and Localization Using Machine Learning Methods","2019","IEEE transactions on bio-medical engineerin","11","36","12","9","0","4742","13062","451","78","203","https://www.scopus.com/inward/record.uri?partnerID=HzOxMe3b&scp=85055716372&origin=inward","0"
"10.1109/UBMK52708.2021.9558952","Deep Learning Based Effective Weather Prediction Model for Tunceli City Derin Ögrenme Tabanli Turiceli Ili Için Etkili Hava Tahmin Modeli","2021","UBMK","0","11","2","4","0","10","34","20","8","2","https://www.scopus.com/inward/record.uri?partnerID=HzOxMe3b&scp=85121803877&origin=inward","0"
"10.1109/TASE.2019.2961714","Energy Efficiency Modeling for Configuration-Dependent Machining via Machine Learning: A Comparative Study","2021","IEEE Transactions on Automation Science and Engineerin","6","48","4","13","0","58883","144775","331","63","22","https://www.scopus.com/inward/record.uri?partnerID=HzOxMe3b&scp=85098645216&origin=inward","0"
"10.1109/TCBB.2016.2561927","Pattern Classification of Instantaneous Cognitive Task-load Through GMM Clustering, Laplacian Eigenmap, and Ensemble SVMs","2017","IEEE/ACM Transactions on Computational Biology and Bioinformatic","27","56","3","18","0","37585","75763","382","57","88","https://www.scopus.com/inward/record.uri?partnerID=HzOxMe3b&scp=85029524634&origin=inward","0"
"10.1109/IDAP.2018.8620830","Detection of Fake Twitter Accounts with Machine Learning Algorithms Makine ögrenmesi Algoritmalari ile Sahte Twitter Hesaplarin Tespiti","2019","IDAP","7","13","3","0","0","4076","28650","105","28","37","https://www.scopus.com/inward/record.uri?partnerID=HzOxMe3b&scp=85062495873&origin=inward","0"
"10.1109/JBHI.2018.2878492","A Machine-Learning Approach for Detection and Quantification of QRS Fragmentation","2019","IEEE Journal of Biomedical and Health Informatic","19","32","6","9","0","28800","182728","1210","144","49","https://www.scopus.com/inward/record.uri?partnerID=HzOxMe3b&scp=85055705904&origin=inward","0"
"10.1109/TNSRE.2019.2961706","A Multi-Window Majority Voting Strategy to Improve Hand Gesture Recognition Accuracies Using Electromyography Signal","2020","IEEE Transactions on Neural Systems and Rehabilitation Engineerin","14","40","3","9","0","34696","192096","369","56","47","https://www.scopus.com/inward/record.uri?partnerID=HzOxMe3b&scp=85080843379&origin=inward","0"
"10.1109/ICCCI50826.2021.9402517","Detection of Distributed Denial of Service Attacks in SDN using Machine learning techniques","2021","ICCCI","1","15","5","0","0","2103","5141","129","26","32","https://www.scopus.com/inward/record.uri?partnerID=HzOxMe3b&scp=85105015562&origin=inward","0"
"10.1109/ICECET52533.2021.9698509","Design and Implementation of Efficient Quantum Support Vector Machine","2021","ICECET","0","21","2","0","0","6759","33740","27","7","2","https://www.scopus.com/inward/record.uri?partnerID=HzOxMe3b&scp=85127019973&origin=inward","0"
"10.1109/SCEECS48394.2020.190","A Survey on Machine Learning Approaches and Its Techniques:","2020","SCEECS","1","37","2","0","0","486","975","38","11","34","https://www.scopus.com/inward/record.uri?partnerID=HzOxMe3b&scp=85086302379&origin=inward","0"
"10.1109/ICESC48915.2020.9155586","Predicting Heart Disease at Early Stages using Machine Learning: A Survey","2020","ICESC","9","14","2","3","0","4153","8629","117","17","93","https://www.scopus.com/inward/record.uri?partnerID=HzOxMe3b&scp=85090834658&origin=inward","0"
"10.1109/IEEECONF35879.2020.9330235","RFID Based Tire Classification Algorithm Using Support Vector Machines","2020","2020 IEEE International Symposium on Antennas and Propagation and North American Radio Science Meetin","0","3","2","1","0","43781","265901","215","32","5","https://www.scopus.com/inward/record.uri?partnerID=HzOxMe3b&scp=85101657920&origin=inward","0"
"10.1109/APEIE52976.2021.9647434","Application of Support Vector Machines to the Multiclass Classification Electromyography Signal Patterns","2021","APEIE","0","17","1","3","0","1232","3168","9","2","0","https://www.scopus.com/inward/record.uri?partnerID=HzOxMe3b&scp=85124285656&origin=inward","0"
"10.1109/JBHI.2018.2856535","Drug Repositioning for Schizophrenia and Depression/Anxiety Disorders: A Machine Learning Approach Leveraging Expression Data","2019","IEEE Journal of Biomedical and Health Informatic","38","105","2","11","11","17252","106196","68","28","348","https://www.scopus.com/inward/record.uri?partnerID=HzOxMe3b&scp=85049990923&origin=inward","0"
"10.1109/ICECCE52056.2021.9514108","Multi-Class Text Classification: Model Comparison and Selection","2021","ICECCE","0","26","5","0","0","39953","67237","61","16","18","https://www.scopus.com/inward/record.uri?partnerID=HzOxMe3b&scp=85115095995&origin=inward","0"
"10.1109/ITCA52113.2020.00019","Overview of Meta-Reinforcement Learning Research","2020","ITCA","0","24","1","3","0","17989","48395","2","0","8","https://www.scopus.com/inward/record.uri?partnerID=HzOxMe3b&scp=85106033706&origin=inward","0"
"10.1109/ICMCCE51767.2020.00291","Machine-learning based TCP security action prediction","2020","ICMCCE","0","7","4","4","0","18323","41513","4","0","8","https://www.scopus.com/inward/record.uri?partnerID=HzOxMe3b&scp=85106862482&origin=inward","0"
"10.1109/JICV53222.2021.9600310","Prediction MOOC's for student by using machine learning methods","2021","JICV","0","13","4","0","0","1576","3194","21","6","6","https://www.scopus.com/inward/record.uri?partnerID=HzOxMe3b&scp=85123199993&origin=inward","0"
"10.1109/TLA.2020.9099757","Seizing Requirements Engineering Issues through Supervised Learning Techniques","2020","IEEE Latin America Transaction","1","58","3","20","0","10548","33878","30","11","25","https://www.scopus.com/inward/record.uri?partnerID=HzOxMe3b&scp=85085710866&origin=inward","0"
"10.1109/ICREST.2019.8644161","Network intrusion detection using supervised machine learning technique with feature selection","2019","ICREST","59","19","3","3","19","1339","1326","138","23","188","https://www.scopus.com/inward/record.uri?partnerID=HzOxMe3b&scp=85063076698&origin=inward","0"
"10.1109/ICCCNT51525.2021.9579661","A Statistical Classification of the Benign and Malignant Neoplasm using Ensemble Learning and Classification Algorithms","2021","ICCCNT","0","9","1","0","0","38","73","2","0","0","https://www.scopus.com/inward/record.uri?partnerID=HzOxMe3b&scp=85126177596&origin=inward","0"
"10.1109/EHB52898.2021.9657673","Machine Learning Techniques for Medical Image Processing","2021","EHB","0","24","2","0","0","8957","35039","89","10","1","https://www.scopus.com/inward/record.uri?partnerID=HzOxMe3b&scp=85124569748&origin=inward","0"
"10.1109/THS.2017.7943475","How to steal a machine learning classifier with deep learning","2017","HST","60","19","3","0","16","238","983","333","65","146","https://www.scopus.com/inward/record.uri?partnerID=HzOxMe3b&scp=85022188142&origin=inward","0"
"10.1109/IDAP.2019.8875919","Turkish Text Classification with Machine Learning and Transfer Learning Makine Öǧrenmesi ve Transfer Öǧrenme ile Törkçe Metin Siniflandirma","2019","IDAP","1","16","2","0","0","2221","14373","76","14","20","https://www.scopus.com/inward/record.uri?partnerID=HzOxMe3b&scp=85074892229&origin=inward","0"
"10.1109/ICSICT.2018.8565778","Machine-Learning-Based Early-Stage Timing Prediction in SoC Physical Design","2018","ICSICT","2","6","2","0","0","2368","5097","89","11","14","https://www.scopus.com/inward/record.uri?partnerID=HzOxMe3b&scp=85060297724&origin=inward","0"
"10.1109/IDAP.2018.8620767","Forecasting CO2 Emission with Machine Learning Methods CO2 Emisyonunun Makine öǧrenmesi Metotlari ile Tahmin Edilmesi","2019","IDAP","1","18","2","0","0","36","95","34","10","8","https://www.scopus.com/inward/record.uri?partnerID=HzOxMe3b&scp=85062522671&origin=inward","0"
"10.1109/EEEIC/ICPSEurope49358.2020.9160689","Comparative Study of Cavitation Problem Detection in Pumping System Using SVM and K-Nearest Neighbour Method","2020","EEEIC / I&CPS Europe","1","29","6","0","0","33516","131645","1036","114","8","https://www.scopus.com/inward/record.uri?partnerID=HzOxMe3b&scp=85090404325&origin=inward","0"
"10.1109/ACCESS.2020.3015954","Incremental Cost-Sensitive Support Vector Machine with Linear-Exponential Loss","2020","IEEE Acces","3","57","4","15","0","143344","481300","273","40","15","https://www.scopus.com/inward/record.uri?partnerID=HzOxMe3b&scp=85090351495&origin=inward","0"
"10.1109/AIKE48582.2020.00023","Hey ML, what can you do for me?","2020","AIKE","0","18","2","3","0","5295","28409","35","7","4","https://www.scopus.com/inward/record.uri?partnerID=HzOxMe3b&scp=85102406322&origin=inward","0"
"10.1109/EHB52898.2021.9657587","Machine Learning Classification of Diadochokinesia for a Hemiplegic Ankle Foot Complex Pair","2021","EHB","0","18","2","0","0","3996","17776","179","40","0","https://www.scopus.com/inward/record.uri?partnerID=HzOxMe3b&scp=85124554285&origin=inward","0"
"10.1109/ICCIKE51210.2021.9410758","Active Learning for Arabic Text Classification","2021","ICCIKE","1","12","3","3","0","3046","9553","38","14","13","https://www.scopus.com/inward/record.uri?partnerID=HzOxMe3b&scp=85105419359&origin=inward","0"
"10.1109/MIPR49039.2020.00026","Distinguishing Political Parties from Inaugural Speeches Using Machine Learning","2020","MIPR","2","8","2","3","0","4548","17415","54","14","3","https://www.scopus.com/inward/record.uri?partnerID=HzOxMe3b&scp=85092206813&origin=inward","0"
"10.1109/TNSRE.2020.2986884","Classification of Electromyographic Hand Gesture Signals Using Modified Fuzzy C-Means Clustering and Two-Step Machine Learning Approach","2020","IEEE Transactions on Neural Systems and Rehabilitation Engineerin","7","37","6","7","0","63745","411371","606","107","59","https://www.scopus.com/inward/record.uri?partnerID=HzOxMe3b&scp=85086052635&origin=inward","0"
"10.1109/JBHI.2019.2954553","Non-Invasive Estimation of Hemoglobin Using a Multi-Model Stacking Regressor","2020","IEEE Journal of Biomedical and Health Informatic","8","27","8","9","0","41807","286175","80","27","48","https://www.scopus.com/inward/record.uri?partnerID=HzOxMe3b&scp=85086267656&origin=inward","0"
"10.1109/EMBC.2019.8856904","Learning Clusters in Autism Spectrum Disorder: Image-Based Clustering of Eye-Tracking Scanpaths with Deep Autoencoder","2019","EMBC","10","13","5","3","0","2296","9676","102","30","44","https://www.scopus.com/inward/record.uri?partnerID=HzOxMe3b&scp=85077873529&origin=inward","0"
"10.1109/ICTAI53825.2021.9673220","Machine learning algorithm in healthcare system: A Review","2021","ICTAI","0","17","2","3","0","1142","2071","20","3","2","https://www.scopus.com/inward/record.uri?partnerID=HzOxMe3b&scp=85125301114&origin=inward","0"
"10.1109/ICIAfS52090.2021.9605814","Comparative Algorithm Analysis for Machine Learning Based Intrusion Detection System","2021","ICIAfS","0","12","4","5","0","6","6","26","8","2","https://www.scopus.com/inward/record.uri?partnerID=HzOxMe3b&scp=85119985220&origin=inward","0"
"10.1109/GUCON50781.2021.9573933","Complexity and Performance Evaluation of Segmented and Recursive Reinforcement Learning","2021","GUCON","0","13","2","0","0","2046","5493","5","1","1","https://www.scopus.com/inward/record.uri?partnerID=HzOxMe3b&scp=85119101530&origin=inward","0"
"10.1109/ICCES51350.2021.9488982","A Quick Review of ML Algorithms","2021","ICCES","1","17","2","0","0","696","1042","9","1","9","https://www.scopus.com/inward/record.uri?partnerID=HzOxMe3b&scp=85113791904&origin=inward","0"
"10.1109/ICCCNT51525.2021.9579526","Survey on Automated Machine Learning (AutoML) and Meta learning","2021","ICCCNT","0","16","2","0","0","5729","11164","8","3","3","https://www.scopus.com/inward/record.uri?partnerID=HzOxMe3b&scp=85126213111&origin=inward","0"
"10.1109/OCTA49274.2020.9151758","An overview of machine learning technologies and their use in e-learning","2020","OCTA","6","31","4","0","0","2538","8118","297","30","46","https://www.scopus.com/inward/record.uri?partnerID=HzOxMe3b&scp=85091168238&origin=inward","0"
"10.1109/EMBC46164.2021.9630472","A new machine learning based user-friendly software platform for automatic radiomics modeling and analysis","2021","EMBC","0","14","6","4","0","1032","1841","167","34","3","https://www.scopus.com/inward/record.uri?partnerID=HzOxMe3b&scp=85122542580&origin=inward","0"
"10.1109/CSCI51800.2020.00152","A Comparative Study on Machine Learning Algorithms for Predicting Breast Cancer Prognosis in Improving Clinical Trials","2020","CSCI","0","11","2","5","0","102","328","37","5","5","https://www.scopus.com/inward/record.uri?partnerID=HzOxMe3b&scp=85113416806&origin=inward","0"
"10.1109/ICCCI48352.2020.9104185","Classification of diabetes patients using kernel based support vector machines","2020","ICCCI","5","12","1","0","0","0","3","4","1","14","https://www.scopus.com/inward/record.uri?partnerID=HzOxMe3b&scp=85087080344&origin=inward","0"
"10.1109/SIU.2018.8404467","Predictive churn analysis with machine learning methods Makine öǧrenmesi yöntemleri ile kayip müşteri analizi","2018","SIU","2","12","2","3","0","7681","36612","42","10","18","https://www.scopus.com/inward/record.uri?partnerID=HzOxMe3b&scp=85050802532&origin=inward","0"
"10.1109/EIConRus49466.2020.9039386","Data Mining Algorithms for Solving Classification Problems","2020","EIConRus","0","11","3","2","0","4573","7270","30","4","2","https://www.scopus.com/inward/record.uri?partnerID=HzOxMe3b&scp=85082991721&origin=inward","0"
"10.1109/I-SMAC49090.2020.9243602","Relative Analysis of ML Algorithm QDA, LR and SVM for Credit Card Fraud Detection Dataset","2020","IoT in Social, Mobile, Analytics and Cloud","2","18","2","5","0","8347","27301","10","3","18","https://www.scopus.com/inward/record.uri?partnerID=HzOxMe3b&scp=85097806029&origin=inward","0"
"10.1109/ICOSEC49089.2020.9215310","A Novel Approach on Argument based Legal Prediction Model using Machine Learning","2020","ICOSEC","5","43","2","3","0","153","450","38","9","15","https://www.scopus.com/inward/record.uri?partnerID=HzOxMe3b&scp=85094193990&origin=inward","0"
"10.1109/BigMM52142.2021.00018","Exploratory data analysis on Reddit data: An efficient pipeline for classification of flairs","2021","BigMM","0","11","1","3","0","1","1","2","0","1","https://www.scopus.com/inward/record.uri?partnerID=HzOxMe3b&scp=85123981979&origin=inward","0"
"10.1109/ICIRCA51532.2021.9544717","Intrusion Detection System Framework Using Machine Learning","2021","ICIRCA","0","15","5","6","0","255","264","15","1","7","https://www.scopus.com/inward/record.uri?partnerID=HzOxMe3b&scp=85116859558&origin=inward","0"
"10.1109/CEEICT.2018.8628041","Study and observation of the variation of accuracies of KNN, SVM, LMNN, ENN algorithms on eleven different datasets from UCI machine learning repository","2018","iCEEiCT","24","32","4","5","6","7598","33549","43","22","85","https://www.scopus.com/inward/record.uri?partnerID=HzOxMe3b&scp=85062786453&origin=inward","0"
"10.1109/TMI.2021.3074808","Electromechanical Wave Imaging with Machine Learning for Automated Isochrone Generation","2021","IEEE Transactions on Medical Imagin","0","63","3","13","0","32869","207595","455","66","22","https://www.scopus.com/inward/record.uri?partnerID=HzOxMe3b&scp=85104647713&origin=inward","0"
"10.1109/ICBDA51983.2021.9403202","Prediction of the Electronic Work Function by Regression Algorithm in Machine Learning","2021","ICBDA","0","12","3","4","0","28301","86050","54","7","5","https://www.scopus.com/inward/record.uri?partnerID=HzOxMe3b&scp=85105312153&origin=inward","0"
"10.1109/ICCIKE47802.2019.9004231","Fraud Detection using Machine Learning and Deep Learning","2019","ICCIKE","11","14","2","5","0","169","305","44","11","97","https://www.scopus.com/inward/record.uri?partnerID=HzOxMe3b&scp=85080884098&origin=inward","0"
"10.1109/TCDS.2019.2953620","Ensemble hierarchical extreme learning machine for speech dereverberation","2020","IEEE Transactions on Cognitive and Developmental System","1","58","6","14","0","31556","165172","427","82","19","https://www.scopus.com/inward/record.uri?partnerID=HzOxMe3b&scp=85075351012&origin=inward","0"
"10.23919/CISTI49556.2020.9140872","Automatic classification of ornamental stones using Machine Learning techniques A study applied to limestone Classificacão automática de Rochas Ornamentais utilizando tecnicas de Aprendizagem Automática Um estudo aplicado ao calcário","2020","CISTI","2","15","3","0","0","1930","9717","122","19","5","https://www.scopus.com/inward/record.uri?partnerID=HzOxMe3b&scp=85089017084&origin=inward","0"
"10.1109/SCIS-ISIS.2018.00051","Autonomous machine learning modeling using a task ontology","2018","SCIS","3","18","5","4","0","7383","25473","181","31","25","https://www.scopus.com/inward/record.uri?partnerID=HzOxMe3b&scp=85067129593&origin=inward","0"
"10.1109/AIKE48582.2020.00038","Overview on Quantum Computing and its Applications in Artificial Intelligence","2020","AIKE","2","4","2","1","0","1473","4311","20","5","10","https://www.scopus.com/inward/record.uri?partnerID=HzOxMe3b&scp=85102398990&origin=inward","0"
"10.1109/CEI52496.2021.9574610","Hyperspectral Image Classification Method Based on Machine Learning","2021","CEI","0","8","2","3","0","72","89","4","0","0","https://www.scopus.com/inward/record.uri?partnerID=HzOxMe3b&scp=85118927234&origin=inward","0"
"10.1109/C2I454156.2021.9689338","Skin Disease Classification using Machine Learning Algorithms","2021","C2I4","0","17","2","0","0","206","449","13","4","1","https://www.scopus.com/inward/record.uri?partnerID=HzOxMe3b&scp=85125088518&origin=inward","0"
"10.1109/ICECCE49384.2020.9179307","Machine Learning Algorithm for Stroke Disease Classification","2020","ICECCE","1","12","4","0","0","19079","88720","69","17","27","https://www.scopus.com/inward/record.uri?partnerID=HzOxMe3b&scp=85091915785&origin=inward","0"
"10.1109/ICCWAMTIP.2018.8632577","Comparision of Four Machine Learning Techniques for the Prediction of Prostate Cancer Survivability","2019","ICCWAMTIP","6","6","5","4","0","38937","105144","751","50","30","https://www.scopus.com/inward/record.uri?partnerID=HzOxMe3b&scp=85062850856&origin=inward","0"
"10.1109/ICSCAN53069.2021.9526489","A Comparative Study to analyze crime threats using data mining and machine learning approach","2021","ICSCAN","0","20","4","0","0","1199","2702","123","12","4","https://www.scopus.com/inward/record.uri?partnerID=HzOxMe3b&scp=85115710562&origin=inward","0"
"10.1109/ICECE.2018.8636797","Social media bullying detection using machine learning on Bangla text","2019","ICECE","10","20","2","3","0","3679","9799","12","5","163","https://www.scopus.com/inward/record.uri?partnerID=HzOxMe3b&scp=85062881957&origin=inward","0"
"10.1109/HNICEM.2018.8666315","A machine learning approach for coconut sugar quality assessment and prediction","2019","HNICEM","5","18","5","0","0","3422","4913","205","24","30","https://www.scopus.com/inward/record.uri?partnerID=HzOxMe3b&scp=85064106763&origin=inward","0"
"10.1109/ICIEM48762.2020.9160097","A Survey on machine learning techniques for the diagnosis of liver disease","2020","ICIEM","3","15","3","4","0","4264","8767","13","4","43","https://www.scopus.com/inward/record.uri?partnerID=HzOxMe3b&scp=85090853862&origin=inward","0"
"10.1109/IMCEC.2018.8469700","Web Page Classification Algorithm Based on Semi-Supervised Support Vector Machine","2018","IMCEC","2","11","2","4","0","9632","17521","42","7","10","https://www.scopus.com/inward/record.uri?partnerID=HzOxMe3b&scp=85055678817&origin=inward","0"
"10.1109/TNSRE.2019.2891000","Automatically Evaluating Balance: A Machine Learning Approach","2019","IEEE Transactions on Neural Systems and Rehabilitation Engineerin","12","56","5","7","0","80946","580782","389","89","78","https://www.scopus.com/inward/record.uri?partnerID=HzOxMe3b&scp=85061581433&origin=inward","0"
"10.1109/ICACCS51430.2021.9442021","Supervised and Unsupervised Machine Learning based Review on Diabetes Care","2021","ICACCS","1","25","4","4","0","15","16","19","7","27","https://www.scopus.com/inward/record.uri?partnerID=HzOxMe3b&scp=85108028289&origin=inward","0"
"10.1109/T4E.2019.000-6","Toward Machine Learning and Big Data Approaches for Learning Analytics","2019","T4E","2","6","3","1","0","24739","145792","46","13","35","https://www.scopus.com/inward/record.uri?partnerID=HzOxMe3b&scp=85080928890&origin=inward","0"
"10.1109/LifeTech52111.2021.9391980","Automatic detection of mounting behavior in cattle using semantic segmentation and classification","2021","LifeTech","1","3","4","1","0","4011","13965","343","33","13","https://www.scopus.com/inward/record.uri?partnerID=HzOxMe3b&scp=85104571495&origin=inward","0"
"10.1109/ISACV.2018.8354024","An idea of a clustering algorithm using support vector machines based on binary decision tree","2018","ISCV","20","9","4","4","0","932","2376","14","9","60","https://www.scopus.com/inward/record.uri?partnerID=HzOxMe3b&scp=85050995655&origin=inward","0"
"10.1109/INFOCOMWKSHPS50562.2020.9162971","Poster abstract: Encrypted malware traffic detection using incremental learning","2020","INFOCOM","1","6","3","1","0","18660","87738","274","34","20","https://www.scopus.com/inward/record.uri?partnerID=HzOxMe3b&scp=85091532568&origin=inward","0"
"10.1109/ICORIS52787.2021.9649585","Descriptive and Predictive Analysis on Heart Disease with Machine Learning and Deep Learning","2021","ICORIS","0","25","1","0","0","4995","7709","2","0","3","https://www.scopus.com/inward/record.uri?partnerID=HzOxMe3b&scp=85124371341&origin=inward","0"
"10.1109/WiSPNET51692.2021.9419402","Detection of Adulteration in Fruits Using Machine Learning","2021","WiSPNET","0","11","3","3","0","910","1447","7","3","7","https://www.scopus.com/inward/record.uri?partnerID=HzOxMe3b&scp=85106506976&origin=inward","0"
"10.1109/CommNet52204.2021.9641998","Supervised Machine Learning: A Survey","2021","CommNet","0","31","3","0","0","1648","6381","48","11","2","https://www.scopus.com/inward/record.uri?partnerID=HzOxMe3b&scp=85124028086&origin=inward","0"
"10.1109/TMI.2019.2894349","Lung and Pancreatic Tumor Characterization in the Deep Learning Era: Novel Supervised and Unsupervised Learning Approaches","2019","IEEE Transactions on Medical Imagin","93","49","5","10","28","14713","87172","841","125","453","https://www.scopus.com/inward/record.uri?partnerID=HzOxMe3b&scp=85064203279&origin=inward","0"
"10.1109/UBMK52708.2021.9558933","Analysis of Honey Production with Environmenta Variables","2021","UBMK","0","20","2","3","0","1222","6034","10","1","0","https://www.scopus.com/inward/record.uri?partnerID=HzOxMe3b&scp=85125872219&origin=inward","0"
"10.35833/MPCE.2018.000566","A Machine Learning Approach for Collusion Detection in Electricity Markets Based on Nash Equilibrium Theory","2021","","5","50","3","10","0","7703","28633","72","31","23","https://www.scopus.com/inward/record.uri?partnerID=HzOxMe3b&scp=85099948020&origin=inward","0"
"10.1109/ISDFS.2018.8355342","Phishing web sites features classification based on extreme learning machine","2018","ISDFS","27","19","4","4","9","4956","32687","211","50","84","https://www.scopus.com/inward/record.uri?partnerID=HzOxMe3b&scp=85050966207&origin=inward","0"
"10.1109/IMCEC51613.2021.9482142","Research on Method of Identifying Poor Families Based on Machine Learning","2021","IMCEC","0","6","5","4","0","3020","3368","42","9","1","https://www.scopus.com/inward/record.uri?partnerID=HzOxMe3b&scp=85116090966&origin=inward","0"
"10.1109/i-PACT52855.2021.9696826","A Hybrid Supplier Selection Approach Using Machine Learning and Data Envelopment Analysis","2021","i-PACT","0","14","3","0","0","15365","31191","46","6","0","https://www.scopus.com/inward/record.uri?partnerID=HzOxMe3b&scp=85126487216&origin=inward","0"
"10.1109/TNSRE.2019.2962708","Sparse Ensemble Machine Learning to Improve Robustness of Long-term Decoding in iBMIs","2019","IEEE Transactions on Neural Systems and Rehabilitation Engineerin","3","","5","0","0","47461","284541","230","48","14","https://www.scopus.com/inward/record.uri?partnerID=HzOxMe3b&scp=85077306952&origin=inward","0"
"10.1109/TBME.2021.3062502","Evaluating Performance of EEG Data-Driven Machine Learning for Traumatic Brain Injury Classification","2021","IEEE Transactions on Biomedical Engineerin","1","45","4","11","0","1188","3600","23","11","13","https://www.scopus.com/inward/record.uri?partnerID=HzOxMe3b&scp=85101860743&origin=inward","0"
"10.1109/TNSRE.2019.2958679","Accurate Ambulatory Gait Analysis in Walking and Running Using Machine Learning Models","2020","IEEE Transactions on Neural Systems and Rehabilitation Engineerin","23","69","3","11","10","3436","17679","202","47","117","https://www.scopus.com/inward/record.uri?partnerID=HzOxMe3b&scp=85078324936&origin=inward","0"
"10.1109/ICICCT.2018.8473192","Performance Analysis of Machine Learning Algorithms for Gender Classification","2018","ICICCT","6","13","2","2","0","106","165","2","2","23","https://www.scopus.com/inward/record.uri?partnerID=HzOxMe3b&scp=85059833846&origin=inward","0"
"10.1109/ICCES51350.2021.9488983","The Prediction of Quality of the Air Using Supervised Learning","2021","ICCES","0","17","4","0","0","1705","2999","35","6","1","https://www.scopus.com/inward/record.uri?partnerID=HzOxMe3b&scp=85113807332&origin=inward","0"
"10.1109/ISMSIT.2018.8567307","Multi-Class Classification of Turkish Texts with Machine Learning Algotirthms","2018","ISMSIT","6","22","1","0","0","3375","19895","17","7","50","https://www.scopus.com/inward/record.uri?partnerID=HzOxMe3b&scp=85060819171&origin=inward","0"
"10.1109/ACIT50332.2020.9300071","Hybrid SMS spam filtering system using machine learning techniques","2020","ACIT","1","18","2","0","0","5294","14380","39","10","10","https://www.scopus.com/inward/record.uri?partnerID=HzOxMe3b&scp=85099710859&origin=inward","0"
"10.1109/ICIEM51511.2021.9445294","Review on evaluation techniques for better student learning outcomes using machine learning","2021","ICIEM","0","33","4","4","0","4264","8767","50","8","5","https://www.scopus.com/inward/record.uri?partnerID=HzOxMe3b&scp=85108026304&origin=inward","0"
"10.1109/ICMEAS52683.2021.9692308","Machine Learning-Based Anomalies Detection in Cloud Virtual Machine Resource Usage","2021","ICMEAS","0","25","2","0","0","294","479","64","7","0","https://www.scopus.com/inward/record.uri?partnerID=HzOxMe3b&scp=85126844530&origin=inward","0"
"10.1109/ICRITO48877.2020.9197935","Survey on Fake Profile Detection on Social Sites by Using Machine Learning Algorithm","2020","Trends and Future Directions","0","27","3","4","0","633","1441","5","3","23","https://www.scopus.com/inward/record.uri?partnerID=HzOxMe3b&scp=85093083706&origin=inward","0"
"10.1109/TLA.2020.9400438","Adaptable Architecture for the Development of Computer Vision Systems in FPGA","2020","IEEE Latin America Transaction","0","25","3","7","0","8","12","53","11","6","https://www.scopus.com/inward/record.uri?partnerID=HzOxMe3b&scp=85104360068&origin=inward","0"
"10.1109/ISOCC53507.2021.9613914","Human-Inspired Camera: A Novel Camera System for Computer Vision","2021","ISOCC","0","5","7","1","0","25794","187221","592","61","0","https://www.scopus.com/inward/record.uri?partnerID=HzOxMe3b&scp=85123355690&origin=inward","0"
"10.1109/ICALT52272.2021.00113","Development of a computer vision interactive game for supporting dental care education in Taiwan","2021","ICALT","0","10","5","2","0","648","2115","40","16","6","https://www.scopus.com/inward/record.uri?partnerID=HzOxMe3b&scp=85114895757&origin=inward","0"
"10.1109/ICRAIE.2016.7939564","An extreme helping hand for handicap people: Using computer vision","2016","ICRAIE","2","14","3","0","0","81","162","5","2","16","https://www.scopus.com/inward/record.uri?partnerID=HzOxMe3b&scp=85021631653&origin=inward","0"
"10.1109/ICALT.2016.3","A computational architecture for learning analytics in game-based learning","2016","ICALT","2","11","3","2","0","33195","95733","122","22","37","https://www.scopus.com/inward/record.uri?partnerID=HzOxMe3b&scp=85006892877&origin=inward","0"
"10.1109/MIUCC52538.2021.9447637","Comparison of Different Computer Vision Approaches for E-waste Components Detection to Automate E-waste Disassembly","2021","MIUCC","0","12","4","6","0","11887","37921","50","9","5","https://www.scopus.com/inward/record.uri?partnerID=HzOxMe3b&scp=85111379815&origin=inward","0"
"10.1109/ISETC50328.2020.9301078","End-to-End Computer Vision Framework","2020","ISETC","4","26","4","0","0","2713","10171","133","22","11","https://www.scopus.com/inward/record.uri?partnerID=HzOxMe3b&scp=85099534636&origin=inward","0"
"10.1109/ICICCS48265.2020.9121137","Controlling Mouse Motions Using Eye Tracking Using Computer Vision","2020","ICICCS","1","12","3","4","0","4153","8629","30","10","7","https://www.scopus.com/inward/record.uri?partnerID=HzOxMe3b&scp=85087452781&origin=inward","0"
"10.1109/ISESD.2017.8253311","Implementation of computer vision algorithms for position correction of chip-mounter machine","2017","ISESD","3","5","3","4","0","9291","20540","40","7","11","https://www.scopus.com/inward/record.uri?partnerID=HzOxMe3b&scp=85047535126&origin=inward","0"
"10.1109/ISMSIT.2019.8932817","Computer Vision Based Distance Measurement System using Stereo Camera View","2019","ISMSIT","7","13","2","0","0","4397","21420","40","12","44","https://www.scopus.com/inward/record.uri?partnerID=HzOxMe3b&scp=85077993849&origin=inward","0"
"10.1109/TC.2014.2375218","Detection of Denial-of-Service Attacks Based on Computer Vision Techniques","2015","IEEE Transactions on Computer","113","47","6","14","21","31858","203491","1150","163","205","https://www.scopus.com/inward/record.uri?partnerID=HzOxMe3b&scp=84939226725&origin=inward","0"
"10.1109/ICVRIS.2018.00014","Computer vision imaging based on artificial intelligence","2018","ICVRIS","7","8","2","3","0","11853","22813","8","4","55","https://www.scopus.com/inward/record.uri?partnerID=HzOxMe3b&scp=85058275223&origin=inward","0"
"10.1109/ICSTM.2015.7225408","Obtaining hand gesture parameters using image processing","2015","ICSTM","5","5","2","2","0","3547","14128","104","22","16","https://www.scopus.com/inward/record.uri?partnerID=HzOxMe3b&scp=84994104525&origin=inward","0"
"10.1109/PESA.2015.7398908","Development of the three-dimensional scanning system based on monocular vision","2016","PESA","6","8","5","0","0","38453","111876","249","40","11","https://www.scopus.com/inward/record.uri?partnerID=HzOxMe3b&scp=84963965127&origin=inward","0"
"10.1109/ICCT.2015.7399909","Implementing OpenVX on a polymorphous array processor","2016","ICCT","4","9","3","3","0","3309","6145","102","14","5","https://www.scopus.com/inward/record.uri?partnerID=HzOxMe3b&scp=84962339553&origin=inward","0"
"10.1109/CCDC.2019.8832897","Design and Realization of Fire Detection Using Computer Vision Technology","2019","CCDC","0","10","3","4","0","36772","123971","674","57","8","https://www.scopus.com/inward/record.uri?partnerID=HzOxMe3b&scp=85073104514&origin=inward","0"
"10.1109/ICPCSI.2017.8391833","Hand gesture real time paint tool-box: Machine learning approach","2018","ICPCSI","6","23","3","4","0","241","374","14","10","13","https://www.scopus.com/inward/record.uri?partnerID=HzOxMe3b&scp=85050139990&origin=inward","0"
"10.1109/IADCC.2015.7154891","A new method for sorting and grading of mangos based on computer vision system","2015","IACC","8","12","2","4","0","326","615","29","11","36","https://www.scopus.com/inward/record.uri?partnerID=HzOxMe3b&scp=84941978698&origin=inward","0"
"10.1109/IBIOMED50285.2020.9487613","PharmaCV: A cloud vision approach on generating labels of pharmaceutical drugs","2020","IBIOMED","0","9","3","3","0","3422","4913","118","11","2","https://www.scopus.com/inward/record.uri?partnerID=HzOxMe3b&scp=85112591681&origin=inward","0"
"10.1109/SIU.2016.7495784","Rock-paper-scissors game against computer Bilgisayara Karşi Taş-Kâǧit-Makas Oyunu","2016","SIU","0","11","3","3","0","11182","63834","112","28","1","https://www.scopus.com/inward/record.uri?partnerID=HzOxMe3b&scp=84982792276&origin=inward","0"
"10.1109/ISAMSR53229.2021.9567757","A Concise Review of Deep Learning Deployment in 3D Computer Vision Systems","2021","ISAMSR","0","24","6","3","0","6463","16127","492","61","1","https://www.scopus.com/inward/record.uri?partnerID=HzOxMe3b&scp=85118427751&origin=inward","0"
"10.1109/ICIRCA51532.2021.9544643","A Deep Learning Survey on Content Detection from Images Powered by Computer Vision Framework","2021","ICIRCA","0","22","2","4","0","2","1","6","2","2","https://www.scopus.com/inward/record.uri?partnerID=HzOxMe3b&scp=85116897919&origin=inward","0"
"10.1109/ICCMC51019.2021.9418483","Application of VR Technology in Museum Narrative Design with Computer Vision Models","2021","ICCMC","0","19","2","3","0","36","40","5","2","5","https://www.scopus.com/inward/record.uri?partnerID=HzOxMe3b&scp=85106043181&origin=inward","0"
"10.1109/ICA-SYMP.2019.8645995","Underwater Computer Vision of the ZEABUS AUV","2019","ICA-SYMP","1","10","3","3","0","7108","20910","15","6","16","https://www.scopus.com/inward/record.uri?partnerID=HzOxMe3b&scp=85063249766&origin=inward","0"
"10.1109/MC.2015.145","Tailoring design for embedded computer vision applications","2015","Computer","13","13","2","4","0","21497","127907","123","22","21","https://www.scopus.com/inward/record.uri?partnerID=HzOxMe3b&scp=84930614204&origin=inward","0"
"10.1109/SIU.2018.8404807","Dataset augmentation for accurate object detection Yüksek doǧrulukta nesne tespiti için veri kümesi artirma","2018","SIU","1","11","4","3","0","2024","12045","82","19","5","https://www.scopus.com/inward/record.uri?partnerID=HzOxMe3b&scp=85050790630&origin=inward","0"
"10.1109/RUSAUTOCON.2019.8867687","Development of Machine Vision System for Tracking Crane Mechanisms","2019","RusAutoCon","0","15","3","0","0","1349","2298","23","8","3","https://www.scopus.com/inward/record.uri?partnerID=HzOxMe3b&scp=85074226004&origin=inward","0"
"10.1109/RoEduNet51892.2020.9324850","Computer vision based framework for detecting phishing webpages","2020","RoEduNet","0","20","2","0","0","8039","33285","92","12","3","https://www.scopus.com/inward/record.uri?partnerID=HzOxMe3b&scp=85100531901&origin=inward","0"
"10.1109/CCDC49329.2020.9164071","Manipulator Package Sorting and Placing System Based on Computer Vision","2020","CCDC","2","8","5","5","0","186","336","67","13","11","https://www.scopus.com/inward/record.uri?partnerID=HzOxMe3b&scp=85091595371&origin=inward","0"
"10.1109/ICACCS48705.2020.9074370","Sign Language Translation","2020","","0","9","5","3","0","255","468","30","7","92","https://www.scopus.com/inward/record.uri?partnerID=HzOxMe3b&scp=85084663869&origin=inward","0"
"10.1109/ISMSIT52890.2021.9604557","Convolutional Neural Network Architectures Used in Computer Vision","2021","ISMSIT","0","31","2","6","0","129","617","22","8","1","https://www.scopus.com/inward/record.uri?partnerID=HzOxMe3b&scp=85123302473&origin=inward","0"
"10.1109/TCSVT.2015.2409731","The evolution of first person vision methods: A survey","2015","IEEE Transactions on Circuits and Systems for Video Technolog","168","150","4","16","19","25122","153911","707","79","333","https://www.scopus.com/inward/record.uri?partnerID=HzOxMe3b&scp=84929079074&origin=inward","0"
"10.1109/SIU.2016.7496012","Computer vision approach based speed limit assistant Bilgisayarli Görü Yaklasimi Ile Hiz Limiti Asistani","2016","SIU","0","9","3","3","0","3408","15422","121","16","1","https://www.scopus.com/inward/record.uri?partnerID=HzOxMe3b&scp=84982795891&origin=inward","0"
"10.1109/ISOCC53507.2021.9613865","LightNet: A Lightweight Neural Network for Image Classification","2021","ISOCC","0","5","3","1","0","1487","6266","99","10","0","https://www.scopus.com/inward/record.uri?partnerID=HzOxMe3b&scp=85123354328&origin=inward","0"
"10.1109/FCCM.2018.00051","Enabling Transparent Acceleration of OpenCV Library Kernels on a Hybrid Memory Cube Computer","2018","FCCM","0","3","5","0","0","8024","38567","305","49","5","https://www.scopus.com/inward/record.uri?partnerID=HzOxMe3b&scp=85057722690&origin=inward","0"
"10.1109/HONET50430.2020.9322655","HHARNet: Taking inspiration from Inception and Dense Networks for Human Activity Recognition using Inertial Sensors","2020","HONET","1","14","2","3","0","738","1672","10","6","10","https://www.scopus.com/inward/record.uri?partnerID=HzOxMe3b&scp=85101486167&origin=inward","0"
"10.1109/CICED.2016.7576034","Research on automatic indication values of pointer gauges based on computer vision","2016","CICED","1","12","4","0","0","31","36","71","22","9","https://www.scopus.com/inward/record.uri?partnerID=HzOxMe3b&scp=84990950113&origin=inward","0"
"10.1109/ICSSIT48917.2020.9214281","Pattern design of knit and purl based on CAD system of automatic knitting machine based on computer vision integration","2020","ICSSIT","0","19","1","3","0","44300","146512","2","0","3","https://www.scopus.com/inward/record.uri?partnerID=HzOxMe3b&scp=85094832268&origin=inward","0"
"10.1109/ICRCICN.2018.8718734","Print scum identification using DCT based computer vision method","2018","ICRCICN","0","10","4","4","0","7482","40597","48","7","1","https://www.scopus.com/inward/record.uri?partnerID=HzOxMe3b&scp=85067097634&origin=inward","0"
"10.1109/ASONAM.2018.8508293","Fine-grained object detection using transfer learning and data augmentation","2018","ASONAM","3","16","2","3","0","5725","16322","124","15","21","https://www.scopus.com/inward/record.uri?partnerID=HzOxMe3b&scp=85057338912&origin=inward","0"
"10.1109/ICE2T.2017.8215993","Handwritten digits recognition with artificial neural network","2017","ICE2T","14","18","4","3","0","17377","81028","156","53","64","https://www.scopus.com/inward/record.uri?partnerID=HzOxMe3b&scp=85046426112&origin=inward","0"
"10.1109/DSMP.2018.8478556","Performance Evaluation and Comparison of Software for Face Recognition, Based on Dlib and Opencv Library","2018","DSMP","42","11","3","4","13","4314","9854","167","28","149","https://www.scopus.com/inward/record.uri?partnerID=HzOxMe3b&scp=85056156408&origin=inward","0"
"10.1109/ISCID.2018.10131","Vanishing Points in Road Recognition: A Review","2018","ISCID","3","20","1","4","0","40029","129448","1","1","7","https://www.scopus.com/inward/record.uri?partnerID=HzOxMe3b&scp=85065413240&origin=inward","0"
"10.1109/MVIP49855.2020.9116906","From Brain Decoding to Brain-Driven Computer Vision","2020","MVIP","1","21","3","0","0","22407","91067","91","26","3","https://www.scopus.com/inward/record.uri?partnerID=HzOxMe3b&scp=85087515824&origin=inward","0"
"10.1109/ETI4.051663.2021.9619228","A Faster R-CNN Implementation of Presence Inspection for Parts on Industrial Produce","2021","ETI 4.0","0","5","3","0","0","2807","2813","19","3","0","https://www.scopus.com/inward/record.uri?partnerID=HzOxMe3b&scp=85123437587&origin=inward","0"
"10.1109/ICEVT.2017.8323551","Implementation of vehicle detection algorithm for self-driving car on toll road cipularang using Python language","2018","ICEVT","8","24","3","4","0","9291","20540","199","21","69","https://www.scopus.com/inward/record.uri?partnerID=HzOxMe3b&scp=85051050252&origin=inward","0"
"10.1109/EIConRus.2018.8317438","Automated control system of fabrics parameters that uses computer vision","2018","EIConRus","7","3","4","2","0","1490","3004","22","6","13","https://www.scopus.com/inward/record.uri?partnerID=HzOxMe3b&scp=85048015038&origin=inward","0"
"10.1109/NILES53778.2021.9600549","Visual Data Acquisition for Measuring Devices using Deep Learning","2021","NILES","0","19","3","3","0","46447","172606","16","2","1","https://www.scopus.com/inward/record.uri?partnerID=HzOxMe3b&scp=85123167055&origin=inward","0"
"10.1109/EIECS53707.2021.9587991","Research on Image Segmentation based on Multibranch Convolution Model","2021","EIECS","0","8","6","4","0","4091","7021","20","3","0","https://www.scopus.com/inward/record.uri?partnerID=HzOxMe3b&scp=85119430150&origin=inward","0"
"10.1109/IEMTRONICS51293.2020.9216434","R-MnasNet: Reduced MnasNet for computer vision","2020","IEMTRONICS","3","35","2","0","0","8663","39367","151","10","12","https://www.scopus.com/inward/record.uri?partnerID=HzOxMe3b&scp=85096361222&origin=inward","0"
"10.1109/CCAI50917.2021.9447516","Considering filter importance and irreplaceability in filter pruning","2021","CCAI","0","20","1","4","0","39906","144930","2","1","1","https://www.scopus.com/inward/record.uri?partnerID=HzOxMe3b&scp=85111428338&origin=inward","0"
"10.1109/ICIMTech53080.2021.9534988","Deep learning for oil palm fruit ripeness classification with densenet","2021","ICIMTech","1","37","4","3","0","4995","7709","233","29","16","https://www.scopus.com/inward/record.uri?partnerID=HzOxMe3b&scp=85116155196&origin=inward","0"
"10.1109/MWSCAS48704.2020.9184619","A-MnasNet: Augmented MnasNet for Computer Vision","2020","MWSCAS","3","33","2","3","0","8663","39367","151","10","6","https://www.scopus.com/inward/record.uri?partnerID=HzOxMe3b&scp=85090591498&origin=inward","0"
"10.1109/CVIDL51233.2020.00030","Research on Image Processing Technology of Computer Vision Algorithm","2020","CVIDL","2","6","2","2","0","31668","178855","10","3","17","https://www.scopus.com/inward/record.uri?partnerID=HzOxMe3b&scp=85098555879&origin=inward","0"
"10.1109/SIU.2019.8806511","Utilization and comparision of convolutional neural networks in malware recognition Kötücül Yazilimlarin Taninmasinda Evrişimsel Sinir Aǧlarinin Kullanimi ve Karşilaştirilmasi","2019","SIU","6","16","3","0","0","11182","63834","43","18","23","https://www.scopus.com/inward/record.uri?partnerID=HzOxMe3b&scp=85071994426&origin=inward","0"
"10.1109/USBEREIT.2018.8384557","Convolutional neural network application for cells segmentation in immunocytochemical study","2018","USBEREIT","6","8","6","3","0","6397","12770","162","33","12","https://www.scopus.com/inward/record.uri?partnerID=HzOxMe3b&scp=85049910942&origin=inward","0"
"10.1109/I2CT51068.2021.9418001","Image Captioning using Convolutional Neural Networks and Recurrent Neural Network","2021","I2CT","0","16","2","0","0","365","630","2","0","3","https://www.scopus.com/inward/record.uri?partnerID=HzOxMe3b&scp=85106454993&origin=inward","0"
"10.1109/ITC-Egypt52936.2021.9513940","AI multi-resolution Temporal Processing for Accurate Counting of Exercises Repetitions","2021","ITC-Egypt","0","9","4","0","0","15","27","25","6","0","https://www.scopus.com/inward/record.uri?partnerID=HzOxMe3b&scp=85113991390&origin=inward","0"
"10.1109/ICCCNT49239.2020.9225331","Leveraging Computer Vision for Emergency Vehicle Detection-Implementation and Analysis","2020","ICCCNT","1","9","3","0","0","2380","2891","12","6","12","https://www.scopus.com/inward/record.uri?partnerID=HzOxMe3b&scp=85096621429&origin=inward","0"
"10.1109/CSCI46756.2018.00092","A brief review of convolutional neural networks based solutions for smart parking systems","2018","CSCI","1","16","2","3","0","2341","7224","6","4","6","https://www.scopus.com/inward/record.uri?partnerID=HzOxMe3b&scp=85078546899&origin=inward","0"
"10.1109/ICKII51822.2021.9574762","A Distributed Fall Detection Architecture Using Ensemble Learning","2021","ICKII","0","17","4","3","0","5336","19124","29","5","0","https://www.scopus.com/inward/record.uri?partnerID=HzOxMe3b&scp=85118971398&origin=inward","0"
"10.1109/ICETCI51973.2021.9574047","Visual Recognition of Local Kashmiri Objects with Limited Image Data using Transfer Learning","2021","ICETCI","0","16","3","3","0","227","591","15","5","0","https://www.scopus.com/inward/record.uri?partnerID=HzOxMe3b&scp=85118989117&origin=inward","0"
"10.1109/SIU.2015.7130116","Geometrical shape recognition based on CDF extreme points analysis CDF Uç Noktalari Analizine Dayali Geometrik Şekil Tanima","2015","SIU","0","18","1","3","0","3375","19895","34","6","3","https://www.scopus.com/inward/record.uri?partnerID=HzOxMe3b&scp=84939178620&origin=inward","0"
"10.1109/SIU.2016.7495891","Computer vision based characterization of production phases for pastry goods Yiyeceklerin Pişme Süreçlerinin Yapay Görme ile Karakterizasyonu","2016","SIU","0","10","1","3","0","8761","42360","49","12","5","https://www.scopus.com/inward/record.uri?partnerID=HzOxMe3b&scp=84982803400&origin=inward","0"
"10.1109/ICEEOT.2016.7754803","Ramanujan sums based image kernels for computer vision","2016","ICEEOT","2","11","2","4","0","72","109","13","7","6","https://www.scopus.com/inward/record.uri?partnerID=HzOxMe3b&scp=85006698927&origin=inward","0"
"10.1109/iTAG.2015.21","Overview of Behavioural Understanding System with Filtered Vision Sensor","2016","2015 International Conference on Interactive Technologies and Game","6","24","4","5","0","3566","16951","231","40","13","https://www.scopus.com/inward/record.uri?partnerID=HzOxMe3b&scp=84969143041&origin=inward","0"
"10.1109/DSAA53316.2021.9564215","Opportunistic Resource Allocation driven by pattern recognition to attain High Availability in Vision based Edge Compute Systems","2021","DSAA","0","15","2","0","0","5033","10122","4","2","0","https://www.scopus.com/inward/record.uri?partnerID=HzOxMe3b&scp=85126103245&origin=inward","0"
"10.1109/ICCCNT49239.2020.9225499","A Computer Vision Technique to Detect Scab on Malabar Nightshade","2020","ICCCNT","0","13","2","0","0","1435","2060","24","5","8","https://www.scopus.com/inward/record.uri?partnerID=HzOxMe3b&scp=85096625299&origin=inward","0"
"10.1109/CTISC52352.2021.00072","An Improved Method of CRIMINISI Algorithm","2021","CTISC","0","7","2","4","0","40257","121329","2","0","0","https://www.scopus.com/inward/record.uri?partnerID=HzOxMe3b&scp=85115713089&origin=inward","0"
"10.1109/ICALIP.2016.7846562","3D facial reconstruction of based on OpenCV and DirectX","2017","ICALIP","2","22","2","3","0","5","5","20","4","12","https://www.scopus.com/inward/record.uri?partnerID=HzOxMe3b&scp=85016115763&origin=inward","0"
"10.23919/ICCAS52745.2021.9649961","Sunlight Compensation for Vision Based Drone Detection","2021","ICCAS","0","","4","1","0","33763","195765","67","8","0","https://www.scopus.com/inward/record.uri?partnerID=HzOxMe3b&scp=85124216094&origin=inward","0"
"10.1109/INDICON.2015.7443166","Analysis of lane detection techniques using openCV","2016","INDICON","11","8","3","0","0","8","11","32","7","27","https://www.scopus.com/inward/record.uri?partnerID=HzOxMe3b&scp=84994247406&origin=inward","0"
"10.1109/ASYU50717.2020.9259826","Computer Vision Based Intelligent 3D CNC Machines","2020","ASYU","0","21","4","0","0","5011","21795","51","17","3","https://www.scopus.com/inward/record.uri?partnerID=HzOxMe3b&scp=85097930671&origin=inward","0"
"10.1109/ICSEE.2016.7806133","Automatic parking identification and vehicle guidance with road awareness","2017","ICSEE","15","15","2","0","0","7","29","11","5","32","https://www.scopus.com/inward/record.uri?partnerID=HzOxMe3b&scp=85014163378&origin=inward","0"
"10.1109/CIBDA50819.2020.00090","Application research of computer vision technology in automation","2020","CIBDA","1","4","2","3","0","61017","227052","4","2","11","https://www.scopus.com/inward/record.uri?partnerID=HzOxMe3b&scp=85091414215&origin=inward","0"
"10.1109/ICAIS50930.2021.9395789","Design of Digital Museum Narrative Space Based on Perceptual Experience Data Mining and Computer Vision","2021","ICAIS","0","18","2","4","0","0","1","5","2","3","https://www.scopus.com/inward/record.uri?partnerID=HzOxMe3b&scp=85104952165&origin=inward","0"
"10.1109/ICSCET.2018.8537308","Automatic Image and Video Colourisation using Deep Learning","2018","ICSCET","0","16","4","0","0","38","24","4","4","9","https://www.scopus.com/inward/record.uri?partnerID=HzOxMe3b&scp=85059357894&origin=inward","0"
"10.1109/BigComp48618.2020.00-91","IDNet-A: Variant of densenet with inception-family","2020","BigComp","1","15","2","3","0","7219","28930","73","12","5","https://www.scopus.com/inward/record.uri?partnerID=HzOxMe3b&scp=85084346049&origin=inward","0"
"10.1109/ROSE52750.2021.9611778","Wearable Sensing System to perform Realtime 3D posture estimation for lower back healthcare","2021","ROSE","0","28","3","0","0","7874","60403","581","53","4","https://www.scopus.com/inward/record.uri?partnerID=HzOxMe3b&scp=85123578927&origin=inward","0"
"10.1109/CNNA49188.2021.9610823","UAV obstacle detection with bio-motivated computer vision","2021","CNNA","0","15","2","0","0","7447","36725","44","12","0","https://www.scopus.com/inward/record.uri?partnerID=HzOxMe3b&scp=85123002186&origin=inward","0"
"10.1109/KhPIWeek51551.2020.9250075","Computational Tool for Analysis of Strains Based on Optical Flow Approach","2020","KhPIWeek","0","35","2","4","0","2678","3618","26","9","1","https://www.scopus.com/inward/record.uri?partnerID=HzOxMe3b&scp=85097759168&origin=inward","0"
"10.1109/SAMI.2016.7423004","IoT gateway and industrial safety with computer vision","2016","SAMI","4","9","3","3","0","3478","15464","96","24","30","https://www.scopus.com/inward/record.uri?partnerID=HzOxMe3b&scp=84964681362&origin=inward","0"
"10.1109/DCNA53427.2021.9586891","Convolutional Neural Network and Adversarial Autoencoder in EEG images classification","2021","DCNA","0","22","2","3","0","446","1584","148","17","0","https://www.scopus.com/inward/record.uri?partnerID=HzOxMe3b&scp=85126509615&origin=inward","0"
"10.1109/ISCID.2019.00046","Research on Image Recognition of Supermarket Commodity Based on Convolutional Neural Network","2019","ISCID","1","8","3","3","0","3520","6697","12","3","7","https://www.scopus.com/inward/record.uri?partnerID=HzOxMe3b&scp=85089429740&origin=inward","0"
"10.1109/ICMTMA.2016.117","Performance analysis of a moving target tracking method based on computer vision","2016","ICMTMA","3","12","2","3","0","1733","3620","23","4","10","https://www.scopus.com/inward/record.uri?partnerID=HzOxMe3b&scp=84979084623&origin=inward","0"
"10.1109/IEA.2019.8715022","Vehicular Obstruction Detection in the Zebra Lane Using Computer Vision","2019","ICIEA","4","9","5","4","0","3243","2077","50","10","14","https://www.scopus.com/inward/record.uri?partnerID=HzOxMe3b&scp=85066636212&origin=inward","0"
"10.1109/ICAICA50127.2020.9182641","A perspective transformation method based on computer vision","2020","ICAICA","0","8","7","3","0","52506","140707","61","14","4","https://www.scopus.com/inward/record.uri?partnerID=HzOxMe3b&scp=85092161618&origin=inward","0"
"10.1109/SIU.2015.7130094","Classification of processed hazelnuts with computer vision Bilgisayarli Görü ile Işlenmiş Iç Findiklarin Siniflandirilmasi","2015","SIU","4","9","3","3","0","2785","14797","47","15","5","https://www.scopus.com/inward/record.uri?partnerID=HzOxMe3b&scp=84939202868&origin=inward","0"
"10.1109/ICMTMA50254.2020.00085","Driver gaze region estimation based on computer vision","2020","ICMTMA","0","15","7","3","0","43710","129474","171","30","6","https://www.scopus.com/inward/record.uri?partnerID=HzOxMe3b&scp=85083439981&origin=inward","0"
"10.1109/ICSSIT48917.2020.9214101","Computer vision based automated billing system for fruit stores","2020","ICSSIT","0","14","4","5","0","5819","11813","76","10","14","https://www.scopus.com/inward/record.uri?partnerID=HzOxMe3b&scp=85094826059&origin=inward","0"
"10.1109/ICIEA52957.2021.9436701","Thai Tangerine Size Classification via Computer Vision","2021","ICIEA","0","18","2","3","0","1163","2589","3","1","4","https://www.scopus.com/inward/record.uri?partnerID=HzOxMe3b&scp=85107571272&origin=inward","0"
"10.1109/INOCON50539.2020.9298212","Smart gym trainer using Human pose estimation","2020","INOCON","0","7","3","0","0","60","63","3","0","7","https://www.scopus.com/inward/record.uri?partnerID=HzOxMe3b&scp=85099566767&origin=inward","0"
"10.1109/ACIRS.2019.8936033","A pH Regulation System for Perfusion Machine Using Computer Vision and Fuzzy Logic","2019","ACIRS","0","14","5","3","0","3422","4913","326","36","11","https://www.scopus.com/inward/record.uri?partnerID=HzOxMe3b&scp=85078568645&origin=inward","0"
"10.1109/UBMK.2017.8093377","On-shelf product detection: Post-processing with a hidden markov model Raf Ürünlerinin Saptanmasi: Sakli Markov Modeli ile Ardişleme","2017","","1","7","1","3","0","3730","20169","13","1","3","https://www.scopus.com/inward/record.uri?partnerID=HzOxMe3b&scp=85040567926&origin=inward","0"
"10.1109/SED51197.2021.9444525","Development of the indoor climate control system","2021","SED","0","14","3","0","0","6331","24067","19","2","1","https://www.scopus.com/inward/record.uri?partnerID=HzOxMe3b&scp=85108010753&origin=inward","0"
"10.1109/IC3.2019.8844942","An Automated Computer Vision Based System for Bottle Cap Fitting Inspection","2019","IC3","4","9","5","0","0","60","51","8","5","41","https://www.scopus.com/inward/record.uri?partnerID=HzOxMe3b&scp=85073218422&origin=inward","0"
"10.1109/YAC51587.2020.9337624","A low contrast defect detection method for PCB surface based on manual labeling","2020","YAC","0","5","1","3","0","32280","74876","2","0","0","https://www.scopus.com/inward/record.uri?partnerID=HzOxMe3b&scp=85101154768&origin=inward","0"
"10.1109/KhPIWeek53812.2021.9570026","Application of intelligent control systems in electric drives of rail vehicles","2021","KhPIWeek","0","11","4","4","0","2678","3618","16","4","0","https://www.scopus.com/inward/record.uri?partnerID=HzOxMe3b&scp=85118939421&origin=inward","0"